{
  "timestamps": [
    0.0,
    1.0,
    2.0,
    3.0,
    4.0,
    5.0,
    6.0,
    7.0,
    8.0,
    9.0,
    10.0,
    11.0,
    12.0,
    13.0,
    14.0,
    15.0,
    16.0,
    17.0,
    18.0,
    19.0,
    20.0,
    21.0,
    22.0,
    23.0,
    24.0,
    25.0,
    26.0,
    27.0
  ],
  "spo2_values": [
    82.40982984179082,
    83.27416159150722,
    100,
    96.9917796388235,
    70,
    86.08312454306859,
    78.96499345871969,
    84.46293116414338,
    80.47809191596507,
    100,
    84.59012144859598,
    78.81125367089737,
    86.2709230510122,
    84.37330496412464,
    93.3159325707339,
    91.07851094550776,
    85.39830874578047,
    83.94279855300624,
    88.86375677859608,
    100,
    83.4248292970738,
    81.55052113679405,
    85.29320254330626,
    74.88026452571204,
    85.65707445170747,
    84.6737269689205,
    84.3041001531339,
    82.79873720886823
  ],
  "heart_rates": [
    84.7457627118644,
    86.70520231213872,
    84.9056603773585,
    80.29978586723769,
    74.4047619047619,
    67.3249551166966,
    60.160427807486634,
    50.33557046979866,
    43.68932038834952,
    41.89944134078212,
    46.2962962962963,
    55.147058823529406,
    60.120240480961925,
    78.125,
    95.13742071881606,
    88.23529411764707,
    74.8502994011976,
    64.32246998284734,
    67.20430107526882,
    66.96428571428571,
    69.31608133086876,
    78.94736842105262,
    81.52173913043477,
    85.22727272727272,
    73.05194805194805,
    55.55555555555555,
    0,
    57.840616966580974
  ],
  "quality_scores": [
    0.9521716568835905,
    0.9752500335706958,
    0.9495128748740891,
    0.9060252323145397,
    0.8757106368140968,
    0.8347123980582751,
    0.8746448324218628,
    0.8399548132347249,
    0.9022546567166069,
    0.9309729869960657,
    0.8399023566878518,
    0.8127284167339471,
    0.7534255637693478,
    0.7715921654686448,
    0.80397461181094,
    0.7746820777766812,
    0.7851716719298145,
    0.7232834350247233,
    0.9540994678371638,
    0.9510962002282111,
    0.5641704265312626,
    0.5851509636670222,
    0.7294955586609548,
    0.7083284140931474,
    0.7771298402644012,
    1.0,
    0.1,
    0.6347623556375313
  ],
  "summary": {
    "mean_spo2": 85.78186711313533,
    "std_spo2": 7.020967690901473,
    "mean_hr": 66.86907632467995,
    "mean_quality": 0.7967929874287927,
    "processing_time": "2025-09-05T21:44:53.490903"
  }
}