{
  "timestamps": [
    0.0,
    1.0,
    2.0,
    3.0,
    4.0,
    5.0,
    6.0,
    7.0,
    8.0,
    9.0,
    10.0,
    11.0,
    12.0,
    13.0,
    14.0,
    15.0,
    16.0,
    17.0,
    18.0,
    19.0,
    20.0,
    21.0,
    22.0,
    23.0,
    24.0,
    25.0,
    26.0,
    27.0,
    28.0,
    29.0,
    30.0,
    31.0,
    32.0,
    33.0,
    34.0,
    35.0,
    36.0,
    37.0,
    38.0,
    39.0
  ],
  "spo2_values": [
    92.28749974115775,
    89.48364931985668,
    100,
    90.52832015380625,
    74.54410743250571,
    83.24057853588535,
    83.13681961717245,
    83.58183449506414,
    83.72699064895383,
    70,
    80.3184877914446,
    79.5785428164364,
    100,
    84.2218836363076,
    90.12432911277206,
    89.8506763752697,
    74.07654760261018,
    86.7148094972675,
    88.01732398359466,
    70,
    85.19861377389007,
    81.83218482091634,
    86.72895786569185,
    70,
    83.06912721265188,
    83.09628272169047,
    83.63005926980311,
    83.79242644379634,
    85.70602555889897,
    85.62230714685367,
    87.64450135606818,
    87.35938228282706,
    87.1295488101762,
    88.44416669928229,
    85.23306260554065,
    78.6172904651243,
    100,
    81.48732723082125,
    84.90260306364577,
    85.5772899917882
  ],
  "heart_rates": [
    84.7457627118644,
    86.37236084452975,
    84.9056603773585,
    80.47210300429185,
    74.4047619047619,
    66.72597864768684,
    55.55555555555555,
    51.25284738041002,
    43.68932038834952,
    42.21388367729831,
    45.45454545454545,
    55.41871921182266,
    60.24096385542169,
    78.61635220125787,
    94.73684210526315,
    88.02816901408451,
    74.8502994011976,
    64.2123287671233,
    67.0840787119857,
    66.96428571428571,
    75.63025210084034,
    78.78151260504202,
    81.81818181818181,
    86.00917431192659,
    73.77049180327869,
    57.69230769230769,
    0,
    53.44418052256532,
    40,
    40,
    40,
    54.47941888619855,
    74.50331125827815,
    64.37768240343348,
    64.65517241379311,
    70.75471698113206,
    81.34490238611713,
    88.06262230919765,
    88.83248730964468,
    93.08510638297871
  ],
  "quality_scores": [
    0.9499965422015947,
    0.9714662788000413,
    0.9486736962007143,
    0.9086028350378081,
    0.8790821509261647,
    0.8215665318814568,
    0.8405255545213515,
    0.876572053002397,
    0.9217979395567535,
    0.917107984867466,
    0.8117631304337164,
    0.8168706375002535,
    0.7560757487946074,
    0.779564957209681,
    0.8065791264180201,
    0.7688776692330148,
    0.7858217396876179,
    0.7475606901341072,
    0.7189989308780556,
    0.9510962002282111,
    0.6329625703129692,
    0.7877839277728327,
    0.7353436658843984,
    0.7240643619083484,
    0.791448604697258,
    1.0,
    0.1,
    0.708253969450324,
    0.9629629629652492,
    0.9905660377364053,
    0.9141414141468345,
    0.7074924237361883,
    0.6714003648075506,
    0.8015050458608312,
    0.8404822964831151,
    0.8063853051946764,
    0.6951988187788454,
    0.8078501095345001,
    0.7998085553298377,
    0.9023051254480934
  ],
  "summary": {
    "mean_spo2": 84.71258895198929,
    "std_spo2": 6.9103747178724095,
    "mean_hr": 66.82965850285025,
    "mean_quality": 0.8089638989390323,
    "processing_time": "2025-09-05T23:51:19.194546"
  }
}